Keywords,Utterance,Response
"hello, hi, greet","hello, hi, hey, greetings",Hello! Welcome to PrimeCore Sys. How can I help you find the perfect gaming setup today?
"price, cost, budget","how much is a gaming pc, gaming pc price",Our gaming PCs vary by performance and budget. Tell me your budget and I’ll recommend the best option for you.
"custom pc, build pc","can i customize my pc, build my own pc",Yes! PrimeCore Sys allows full PC customization. Share your needs and budget and we’ll suggest the best parts.
"delivery, shipping","do you deliver, shipping options","Yes, we offer fast and secure delivery. Delivery timelines depend on your location."
"payment, pay, mpesa","how do i pay, payment methods","We accept M-Pesa, card payments, and bank transfers for all purchases."
"warranty, guarantee","do pcs have warranty, product warranty",All our PCs come with warranty coverage. Duration depends on the product purchased.
"gpu, graphics card","best gpu for gaming, which graphics card","For high-end gaming, we recommend RTX series GPUs. Tell me your game preferences for a tailored suggestion."
"ram, memory","how much ram do i need, best ram size","16GB RAM is great for most games. For streaming or heavy tasks, consider 32GB."
"storage, ssd, hdd","ssd vs hdd, best storage for gaming",SSDs are faster and improve load times. We recommend SSD for OS and games.
"fps, performance","how to increase fps, improve performance","Upgrading your GPU, RAM, and using an SSD significantly improves FPS."
"monitor, display","best monitor for gaming, gaming display",A 144Hz or higher refresh rate monitor is ideal for smooth gaming.
"keyboard, mouse",best keyboard and mouse for gaming,Mechanical keyboards and high-DPI gaming mice enhance your experience.
"setup, gaming setup","complete gaming setup, full setup","We offer full gaming setups including PC, monitor, keyboard, mouse, and chair."
"chair, comfort","best chair for gaming, gaming chair",Ergonomic gaming chairs improve comfort during long sessions.
"cooling, overheating","pc overheating, cooling system",Ensure proper airflow and consider liquid cooling for high-performance builds.
"power supply, psu","what psu do i need, power supply size",A reliable PSU with enough wattage ensures stability. We help size it based on your build.
"upgrade, upgrading","can i upgrade later, future upgrades","Yes, our builds are upgrade-friendly for future improvements."
"games, compatibility","can this pc run gta v, can it run warzone",Most of our gaming PCs can run modern games smoothly. Tell me the game for exact specs.
"streaming, streaming pc","pc for streaming, streaming and gaming","We recommend high RAM, strong CPU, and RTX GPU for streaming setups."
"editing, video editing","pc for video editing, content creation","Our creator PCs handle editing, rendering, and gaming efficiently."
"discount, offer, deal","any offers, current deals",Yes! Check our offers section for the latest discounts on gaming gear.
"support, help","i need help, customer support",Our support team is here to help. Leave a message and we’ll get back to you soon.
"location, shop","where are you located, physical shop",We operate online but deliver countrywide. Contact us for pickup options.
"refund, return","return policy, can i return pc",Returns are accepted under our return policy if conditions are met.
"lag, slow pc","my pc is slow, lagging issues",Consider upgrading RAM or switching to SSD for better speed.
"wifi, internet","wifi card, internet speed for gaming",A stable wired connection or high-speed WiFi card improves online gaming.
"headset, audio","best headset for gaming, gaming sound",Surround sound gaming headsets improve awareness and communication.
"rgb, lights","rgb lights, pc lighting",RGB lighting is available for stylish and customizable builds.
"case, casing","best pc case, casing airflow",Choose cases with good airflow and space for upgrades.
"windows, os","does pc come with windows, operating system","Yes, we install genuine Windows OS unless you request otherwise."
"antivirus, security","pc security, antivirus",We recommend installing antivirus software to protect your system.
"drivers, updates","drivers update, keep pc updated",Regular driver updates keep your PC performing at its best.
"benchmark, test","how is performance tested, benchmarks",We benchmark every PC before delivery to ensure top performance.
"beginner, first pc","first gaming pc, beginner setup",We help beginners choose balanced builds within their budget.
"advanced, pro gamer","high end gaming pc, pro setup",We offer extreme-performance PCs for pro gamers and enthusiasts.
"noise, silent","silent pc build, reduce noise",We use quiet fans and cases to minimize system noise.
"cable, management","cable management, neat setup",All our builds include professional cable management for neatness and airflow.
"backup, data","data backup, save files",We recommend external drives or cloud backup for important data.
"peripherals, accessories","gaming accessories, extra gear",We stock gaming accessories to complete your setup.
"comparison, choose","which pc should i choose, compare pcs",Tell me your budget and needs and I’ll compare the best options for you.
"students, budget build","cheap gaming pc, student pc",We have affordable builds that still deliver great gaming performance.
"vr, virtual reality","pc for vr, vr gaming pc",VR requires strong GPU and CPU. We have ready VR-capable builds.
"repair, fix","pc repair, troubleshooting",Contact support for troubleshooting and repair guidance.
"cleaning, dust","how to clean pc, dust inside pc",Clean dust regularly and ensure good airflow to maintain performance.
"temperature, monitor","monitor pc temperature, heat check",Use monitoring software to track CPU and GPU temperatures.
"future proof, longevity","future proof pc, long lasting build",We design builds that remain powerful and relevant for years.
"contact, reach you","how can i contact you, reach primecore",You can reach us through our contact page or social media platforms.
"thank you, thanks","thank you, thanks a lot",You’re welcome! Happy gaming from PrimeCore Sys 🎮
